,Unnamed: 0,target_num,prod_num,similarity
0,0,6150,6150,1.0000011920928955
1,1,6150,4448,0.7094084620475769
2,2,6150,819,0.6975175738334656
3,3,6150,6137,0.6923848986625671
4,4,6150,6098,0.6898982524871826
5,5,6150,4434,0.6843500733375549
6,6,6150,4821,0.6840718388557434
7,7,6150,6340,0.674569308757782
8,8,6150,2155,0.6649256944656372
9,9,6150,5861,0.6597696542739868
10,10,6150,6271,0.6563100814819336
11,11,6150,5916,0.6497199535369873
12,12,6150,4458,0.6431052684783936
13,13,6150,558,0.6413926482200623
14,14,6150,822,0.6391345262527466
15,15,6150,6120,0.6389279961585999
16,16,6150,5952,0.6356708407402039
17,17,6150,4776,0.6347287893295288
18,18,6150,5083,0.6345558762550354
19,19,6150,5742,0.6321274638175964
20,20,6150,5878,0.631917417049408
21,21,6150,6142,0.6317507028579712
22,22,6150,6070,0.6316331028938293
23,23,6150,5520,0.6300436854362488
24,24,6150,6094,0.6299101114273071
25,25,6150,2930,0.6282561421394348
26,26,6150,1218,0.6229634881019592
27,27,6150,4401,0.6225540041923523
28,28,6150,6136,0.6209850907325745
29,29,6150,6122,0.618647038936615
30,30,6150,578,0.6184855103492737
